frame_nmr,car_id,car_bbox,license_plate_bbox,license_plate_bbox_score,license_number,license_number_score
0,1.0,[57.614501953125 957.885986328125 1319.294921875 1671.84716796875],[279.88397216796875 1363.930419921875 574.6309814453125 1459.46240234375],0.7183022499084473,MI399CT,0.9661611348937236
0,2.0,[2351.7998046875 998.8070678710938 3540.29248046875 1685.81103515625],[3014.1572265625 1494.23974609375 3299.6083984375 1588.5517578125],0.7147618532180786,MI899FM,0.9909552052380851
1,1.0,[57.1397705078125 956.7294921875 1319.2647705078125 1671.946533203125],[283.2497253417969 1364.95068359375 574.2295532226562 1459.0888671875],0.718119204044342,MI399CT,0.8627371211841979
1,3.0,[1293.9676513671875 983.1433715820312 2221.107421875 1726.705078125],[1590.19921875 1511.0615234375 1876.24951171875 1599.3125],0.695478618144989,MI589FN,0.9807140561171542
2,1.0,[57.044124603271484 956.2734985351562 1318.4661865234375 1674.3255615234375],[284.0250244140625 1364.974365234375 574.939697265625 1458.9810791015625],0.7190730571746826,MI399CT,0.9914227879895394
2,2.0,[2351.685302734375 1001.839111328125 3543.533203125 1687.06689453125],[3016.93896484375 1495.732177734375 3301.37060546875 1590.532470703125],0.712539553642273,MI899FM,0.9846304987939378
3,2.0,[2351.670166015625 1001.5148315429688 3544.494384765625 1689.094482421875],[3017.69921875 1498.01025390625 3305.15283203125 1590.916748046875],0.7035512924194336,MII899FM,0.47317539758800425
4,1.0,[54.2907829284668 959.87548828125 1316.7015380859375 1672.186279296875],[286.6296081542969 1365.9395751953125 577.855224609375 1459.840087890625],0.7183054685592651,MI399CT,0.9940696960757632
4,3.0,[1298.479736328125 986.1741943359375 2221.1513671875 1723.940185546875],[1588.514892578125 1507.119140625 1882.863525390625 1603.209228515625],0.6895220279693604,MI589FN,0.9980555906788823
5,1.0,[56.79749298095703 958.5151977539062 1317.61474609375 1674.458740234375],[288.43634033203125 1366.6270751953125 577.1103515625 1460.3843994140625],0.7167277932167053,MI399CT,0.9965045410523377
6,1.0,[58.43521499633789 958.2715454101562 1319.2457275390625 1674.2591552734375],[289.70721435546875 1365.7296142578125 577.1033325195312 1460.65087890625],0.7170921564102173,MI399CT,0.7732859422305263
7,1.0,[59.07963180541992 958.2930297851562 1319.875 1674.35986328125],[289.60150146484375 1366.0179443359375 576.6175537109375 1462.70263671875],0.7181873917579651,MI399CT,0.9734499669649821
8,1.0,[57.73116683959961 960.288330078125 1319.6680908203125 1670.518310546875],[291.5833740234375 1366.45947265625 576.8092041015625 1463.2547607421875],0.7176589369773865,MI399CI,0.8319673362799779
9,1.0,[58.21855163574219 961.099365234375 1319.9361572265625 1671.1973876953125],[292.5726623535156 1366.3099365234375 576.3275756835938 1464.4229736328125],0.7207863330841064,M1399CI,0.6967500528090199
10,1.0,[58.451011657714844 962.885986328125 1320.703125 1673.7447509765625],[292.589111328125 1366.05908203125 577.1339111328125 1465.348388671875],0.7250041365623474,MI399CI,0.8434910704648451
11,1.0,[59.43180465698242 964.2865600585938 1321.4461669921875 1677.0634765625],[293.07568359375 1366.855224609375 578.0597534179688 1466.052978515625],0.7253062725067139,MI399CT,0.9954382328829281
11,3.0,[1300.7108154296875 987.4127807617188 2220.147705078125 1730.79443359375],[1587.646728515625 1506.6500244140625 1892.80224609375 1609.166748046875],0.7096902132034302,MI589FN,0.9961875068311224
12,1.0,[60.33900451660156 965.4349975585938 1320.864501953125 1678.2891845703125],[293.8219299316406 1369.09033203125 577.154296875 1465.933349609375],0.7219741344451904,MI399CT,0.9881149658952467
12,3.0,[1300.37109375 988.67431640625 2220.08154296875 1732.8880615234375],[1588.2857666015625 1507.24365234375 1893.6646728515625 1609.6160888671875],0.7146655917167664,MI589FN,0.9958421063504088
12,2.0,[2352.852783203125 1002.2396240234375 3544.746826171875 1696.2117919921875],[3019.427490234375 1508.2825927734375 3307.393798828125 1598.9791259765625],0.6771491765975952,MI899FME,0.884608060548912
13,1.0,[60.84804916381836 965.523681640625 1319.0570068359375 1676.96630859375],[291.7997131347656 1369.73486328125 577.193359375 1465.377685546875],0.7221484184265137,MI399CT,0.9629802788701851
13,3.0,[1300.6683349609375 989.2802124023438 2220.177490234375 1730.563232421875],[1588.97021484375 1508.4598388671875 1894.60546875 1608.8865966796875],0.7086272239685059,MI589FN,0.9831039406868904
13,2.0,[2353.70556640625 1002.4773559570312 3545.43505859375 1696.795166015625],[3018.48974609375 1505.731689453125 3309.589599609375 1593.490966796875],0.6710439920425415,MI899FM,0.9718868072256494
14,1.0,[60.91450119018555 964.5409545898438 1317.6597900390625 1675.7060546875],[290.15582275390625 1369.50244140625 578.6611328125 1466.012939453125],0.7238335013389587,MI399CT,0.9910218586590179
14,3.0,[1300.72607421875 990.3433227539062 2220.138427734375 1730.63427734375],[1588.6153564453125 1508.570556640625 1895.9893798828125 1608.84619140625],0.7037793397903442,MI58SFN,0.8429100846628574
15,1.0,[60.68294906616211 964.0863037109375 1317.585205078125 1675.3851318359375],[289.6749572753906 1369.2491455078125 579.5809326171875 1466.03564453125],0.724304735660553,MI399CT,0.9970129097136151
15,3.0,[1300.5648193359375 991.466552734375 2220.71630859375 1730.03955078125],[1588.294189453125 1509.52001953125 1895.178955078125 1609.27294921875],0.7050198316574097,MI589FN,0.99723926041528
16,1.0,[60.547157287597656 965.0130004882812 1317.21533203125 1679.1439208984375],[290.365478515625 1369.033447265625 580.8349609375 1466.200927734375],0.7253474593162537,MI399CT,0.9921351409555403
17,1.0,[60.35066604614258 965.8158569335938 1316.57275390625 1681.7796630859375],[291.72314453125 1370.420166015625 582.0226440429688 1467.3037109375],0.7205381393432617,MI399C1,0.8478079397928252
17,3.0,[1298.5987548828125 991.416259765625 2220.32275390625 1731.407958984375],[1592.1112060546875 1511.4012451171875 1894.4124755859375 1610.7879638671875],0.715772807598114,MI589FN,0.9967954729432983
18,1.0,[60.51913070678711 966.2664184570312 1315.4852294921875 1682.4134521484375],[293.1712646484375 1371.111328125 579.818603515625 1469.756103515625],0.7199910879135132,MI399CT,0.9941428728017518
19,3.0,[1296.89306640625 991.2559814453125 2220.018798828125 1730.607177734375],[1591.4461669921875 1510.6014404296875 1897.2242431640625 1613.5953369140625],0.7274816632270813,MI589FN,0.9990961172528441
19,1.0,[60.56295394897461 967.0348510742188 1315.6353759765625 1684.8260498046875],[295.6187438964844 1371.7093505859375 582.076171875 1469.4100341796875],0.7187985777854919,MI399CT,0.991843090798608
20,3.0,[1296.651123046875 991.6920166015625 2219.885986328125 1732.5977783203125],[1589.96923828125 1510.535888671875 1897.12353515625 1613.3045654296875],0.7230337858200073,MI589FN,0.9923223727410603
20,1.0,[60.20013427734375 968.265380859375 1316.6966552734375 1685.9801025390625],[296.1133728027344 1369.686767578125 581.7442016601562 1467.58642578125],0.7159867286682129,MI399CT,0.9818621926393375
21,3.0,[1297.687255859375 992.7199096679688 2220.326171875 1731.6046142578125],[1588.541748046875 1511.2877197265625 1894.683837890625 1611.3878173828125],0.7218440771102905,MI589FN,0.8776660491855581
21,1.0,[59.87467575073242 969.1972045898438 1317.41845703125 1686.57666015625],[295.15264892578125 1372.4776611328125 585.5289306640625 1467.9012451171875],0.7181563377380371,MI399CT,0.9925443710431139
21,2.0,[2352.83154296875 1006.6512451171875 3549.48291015625 1699.366455078125],[3020.56396484375 1515.3131103515625 3304.14501953125 1601.3265380859375],0.6205030679702759,MII899FM,0.5747862972243618
22,3.0,[1299.26171875 994.0009155273438 2220.364501953125 1732.4139404296875],[1588.0916748046875 1512.97412109375 1894.5985107421875 1614.0369873046875],0.7370689511299133,MI589FN,0.9965553771753476
22,1.0,[60.09371566772461 970.5792236328125 1317.076171875 1686.979736328125],[293.5062255859375 1371.39501953125 586.4954833984375 1469.8319091796875],0.7229880094528198,MI399CT,0.9829024014219312
23,1.0,[60.4654426574707 971.3016357421875 1316.5782470703125 1687.7606201171875],[286.9436340332031 1370.2342529296875 583.2192993164062 1467.7421875],0.7240379452705383,MI399CT,0.9886482851384092
24,3.0,[1300.2891845703125 995.6207275390625 2220.916748046875 1734.333251953125],[1586.611083984375 1515.34228515625 1897.265625 1618.406005859375],0.7406725287437439,MI589FN,0.9965360712751594
24,1.0,[60.17073059082031 971.67578125 1317.297607421875 1686.8900146484375],[286.7568359375 1371.744873046875 581.0634765625 1467.538330078125],0.7237804532051086,MI399CT,0.750921274587114
25,3.0,[1299.681640625 998.3702392578125 2221.37158203125 1736.0618896484375],[1584.796875 1515.8741455078125 1898.18115234375 1618.6318359375],0.7346123456954956,MI589FN,0.9960053823744776
25,1.0,[60.156524658203125 971.3860473632812 1318.8958740234375 1685.801513671875],[290.8006896972656 1373.224853515625 580.580322265625 1467.3951416015625],0.729736864566803,MI399CT,0.9903433721703288
26,3.0,[1300.5654296875 997.2296752929688 2220.930908203125 1735.9351806640625],[1584.049072265625 1515.3109130859375 1898.080810546875 1618.3370361328125],0.7336182594299316,MI589FN,0.9920790567894259
26,1.0,[61.54601287841797 971.3391723632812 1319.0953369140625 1683.7279052734375],[292.1242980957031 1373.1162109375 582.2896728515625 1468.7215576171875],0.7324767708778381,MI399CT,0.953088620806131
27,1.0,[61.948585510253906 971.9011840820312 1318.5335693359375 1685.887451171875],[294.5137634277344 1372.811279296875 583.0048828125 1469.2236328125],0.736656904220581,MI399CT,0.9931009900909928
28,1.0,[61.93209457397461 973.3128051757812 1317.8201904296875 1688.4356689453125],[295.54437255859375 1372.305908203125 581.9239501953125 1469.408203125],0.7367942929267883,MI5399CI,0.3460659986042388
29,3.0,[1300.6346435546875 996.4107666015625 2220.879638671875 1735.4241943359375],[1588.2257080078125 1518.462646484375 1898.5601806640625 1624.687744140625],0.752590000629425,MI589FN,0.9938428868325003
29,1.0,[60.387874603271484 974.4967651367188 1318.123046875 1688.6802978515625],[295.2963562011719 1372.868896484375 583.020263671875 1468.80859375],0.735666811466217,MI399CT,0.9802116807739615
30,3.0,[1301.2120361328125 997.6138305664062 2221.053466796875 1734.703125],[1587.960693359375 1519.332275390625 1898.238525390625 1621.201171875],0.7450575828552246,MI589FN,0.9793203142702048
30,1.0,[60.336402893066406 976.6083374023438 1319.216796875 1689.6475830078125],[295.9309387207031 1373.771484375 582.9794311523438 1469.26318359375],0.7370772361755371,MI399CT,0.9917871169948966
31,1.0,[62.18549346923828 977.51513671875 1318.9295654296875 1690.7232666015625],[292.4068908691406 1374.3079833984375 585.7278442382812 1472.13134765625],0.7396610379219055,MI399CT,0.9594630257724621
31,3.0,[1300.08056640625 998.8594360351562 2222.326171875 1734.5364990234375],[1587.9656982421875 1519.48876953125 1895.3074951171875 1619.070068359375],0.7385582327842712,MI589FN,0.6672387487396116
32,1.0,[63.21359634399414 977.6152954101562 1318.9996337890625 1690.70068359375],[292.7424011230469 1375.415283203125 586.94970703125 1473.395263671875],0.7431313991546631,MI399CT,0.986545494753487
33,3.0,[1301.631103515625 1000.873291015625 2224.11767578125 1736.4854736328125],[1590.828369140625 1525.169677734375 1889.771484375 1623.598388671875],0.7592076063156128,MI589FN,0.9758626268241483
33,1.0,[63.85535430908203 977.102294921875 1320.019287109375 1691.27001953125],[293.6329345703125 1376.58642578125 585.6015625 1474.169189453125],0.745665967464447,MI399CI,0.7333099827445559
34,1.0,[64.04749298095703 976.9531860351562 1320.546630859375 1692.6021728515625],[293.9938049316406 1377.3482666015625 585.4330444335938 1472.70703125],0.7429406046867371,MI399CT,0.6250329780827905
35,1.0,[64.29572296142578 976.8663940429688 1321.2528076171875 1693.4000244140625],[293.0027160644531 1376.8839111328125 584.6292724609375 1472.9827880859375],0.743999183177948,MI399CT,0.9864658912804535
35,2.0,[2359.87353515625 1024.1954345703125 3551.212890625 1712.7650146484375],[3017.965576171875 1518.8851318359375 3317.013427734375 1613.2576904296875],0.6528946161270142,MI899FM,0.6420048274938565
36,3.0,[1302.74169921875 1001.9058837890625 2224.55712890625 1733.9630126953125],[1588.9420166015625 1528.8848876953125 1890.4046630859375 1626.1505126953125],0.7606464624404907,MI589FN,0.9976853739336398
36,1.0,[64.06867980957031 977.9261474609375 1321.1156005859375 1696.2821044921875],[292.62591552734375 1377.111083984375 582.4356689453125 1475.903076171875],0.7475810050964355,MI399CT,0.9811677503957454
37,3.0,[1303.884033203125 1002.5838623046875 2224.34814453125 1735.1248779296875],[1591.2249755859375 1529.3291015625 1889.8626708984375 1626.847412109375],0.7651488184928894,MI589FN,0.9679797689196121
37,1.0,[63.910667419433594 979.3006591796875 1321.33935546875 1697.0946044921875],[293.2984924316406 1377.068115234375 582.5125122070312 1477.8482666015625],0.7499181628227234,M15399CI,0.8205539419286262
38,3.0,[1304.3045654296875 1003.2144775390625 2224.0693359375 1735.021240234375],[1591.248046875 1529.972412109375 1890.410888671875 1630.022216796875],0.7614067196846008,MI589FN,0.9983107172953732
38,1.0,[64.17000579833984 980.4322509765625 1321.60009765625 1697.8531494140625],[295.83056640625 1376.938720703125 582.73046875 1479.645751953125],0.7526494860649109,MI399CI,0.6925088148243462
38,2.0,[2360.365234375 1023.6466064453125 3557.67626953125 1718.3216552734375],[3024.017578125 1521.679931640625 3315.017578125 1614.5263671875],0.6775909066200256,MI899FM,0.971857112795431
39,3.0,[1305.566650390625 1003.2450561523438 2223.89404296875 1735.37548828125],[1593.9473876953125 1529.062744140625 1892.2305908203125 1630.543701171875],0.763250470161438,MI589FN,0.9966045435253248
39,1.0,[64.50436401367188 981.0372314453125 1321.6051025390625 1696.7342529296875],[298.88751220703125 1377.888671875 583.2210083007812 1480.59033203125],0.759620726108551,MI399CT,0.9945248442354733
40,3.0,[1306.486328125 1003.7728271484375 2223.861328125 1737.8701171875],[1592.414794921875 1528.976806640625 1891.9771728515625 1629.996826171875],0.7613644003868103,MI589FN,0.9987688464306204
40,1.0,[65.66961669921875 983.1285400390625 1322.1951904296875 1697.0648193359375],[296.855712890625 1377.3204345703125 584.64208984375 1481.6259765625],0.7587292790412903,MI7399CT,0.37979442501550903
41,3.0,[1306.40478515625 1005.1748657226562 2224.624755859375 1738.8809814453125],[1592.750244140625 1528.9390869140625 1891.692626953125 1629.988037109375],0.7601791024208069,MI589FN,0.8992165611873822
41,1.0,[66.1588363647461 985.157958984375 1322.1820068359375 1697.551513671875],[295.139404296875 1377.4332275390625 586.1004028320312 1481.5257568359375],0.7594588994979858,MI399CT,0.983144952593764
41,2.0,[2358.822265625 1020.2960815429688 3562.541748046875 1718.6702880859375],[3015.876708984375 1518.33251953125 3313.789306640625 1617.568359375],0.5835310816764832,MIF899FM,0.4730127533665653
42,3.0,[1305.8612060546875 1007.4222412109375 2224.66845703125 1740.638427734375],[1593.7093505859375 1529.1185302734375 1893.0435791015625 1629.3511962890625],0.7623131275177002,MI589FN,0.992946546872689
42,1.0,[67.09188079833984 987.0294189453125 1322.767822265625 1697.855224609375],[293.6855163574219 1377.837890625 586.5106201171875 1482.3153076171875],0.7561608552932739,MI2399CT,0.36119980651981937
42,2.0,[2358.979248046875 1022.0543823242188 3562.166259765625 1719.14404296875],[3013.01171875 1519.130126953125 3315.774169921875 1618.53515625],0.5934115648269653,MI899FM,0.9976106579051289
43,3.0,[1305.0975341796875 1009.18359375 2225.27783203125 1741.4534912109375],[1595.3521728515625 1529.5177001953125 1893.7496337890625 1627.171142578125],0.7623067498207092,MI589FN,0.9986347459895478
43,1.0,[67.48116302490234 988.5441284179688 1323.8753662109375 1698.5142822265625],[292.262451171875 1379.364501953125 587.446044921875 1483.14599609375],0.7534956932067871,MI399CT,0.9802223830196991
44,1.0,[67.26788330078125 989.4949340820312 1326.330810546875 1698.099609375],[297.0688781738281 1382.34619140625 586.4818725585938 1482.370361328125],0.7497312426567078,MI399CI,0.804580186205342
44,2.0,[2359.641845703125 1027.6031494140625 3559.807373046875 1718.503662109375],[3015.260009765625 1523.099853515625 3313.0869140625 1619.800048828125],0.647696852684021,MI899FM,0.988084027633036
45,3.0,[1303.82763671875 1012.4042358398438 2226.030517578125 1742.3785400390625],[1599.0274658203125 1531.3282470703125 1898.61328125 1631.1932373046875],0.7624871134757996,MI589FN,0.9763003244688023
45,1.0,[67.31411743164062 988.61767578125 1326.89404296875 1698.56201171875],[296.37957763671875 1383.28759765625 586.829833984375 1482.61181640625],0.7510210275650024,MI399CI,0.9234138449688075
46,1.0,[67.34661865234375 989.0956420898438 1327.4390869140625 1700.1685791015625],[297.72283935546875 1384.788818359375 586.298095703125 1481.3463134765625],0.7476402521133423,ME399CI,0.5202174074343878
47,1.0,[67.48291015625 989.4766845703125 1327.3255615234375 1701.006103515625],[297.1524658203125 1385.2540283203125 585.8956909179688 1481.876220703125],0.7443991303443909,MI399CI,0.6312660372727391
47,2.0,[2359.404541015625 1027.77392578125 3559.31884765625 1719.2508544921875],[3015.601318359375 1524.46240234375 3319.666259765625 1620.82861328125],0.6587809324264526,MI899FM,0.9851833512928134
48,3.0,[1303.7095947265625 1012.7625122070312 2224.40576171875 1744.113037109375],[1602.5244140625 1531.5146484375 1900.313232421875 1633.1627197265625],0.7576450109481812,MI589FN,0.9904822180910191
48,1.0,[68.0118179321289 989.7915649414062 1326.526611328125 1701.4156494140625],[296.2656555175781 1383.576416015625 587.292236328125 1484.2613525390625],0.7438898086547852,MI5399CT,0.34876311552882167
48,2.0,[2359.58544921875 1027.87060546875 3559.950927734375 1722.3900146484375],[3015.9794921875 1523.9168701171875 3318.8271484375 1620.8778076171875],0.6696679592132568,MI899FM,0.9959103684198347
49,1.0,[68.18938446044922 990.1016235351562 1325.4461669921875 1701.0736083984375],[301.7698974609375 1384.348876953125 588.3590087890625 1484.4114990234375],0.7464033961296082,MI399CT,0.9886323030501694
50,1.0,[68.62944030761719 990.1259765625 1324.1163330078125 1701.217041015625],[302.65875244140625 1384.617431640625 590.3677978515625 1484.952392578125],0.748525083065033,MI399CT,0.8500564264569689
51,1.0,[69.37031555175781 988.4266967773438 1319.087890625 1697.7327880859375],[306.6813049316406 1386.609130859375 588.6683349609375 1484.796630859375],0.7512641549110413,MI399CT,0.5309295712414983
51,2.0,[2361.144287109375 1026.2647705078125 3559.243896484375 1721.989013671875],[3015.3916015625 1523.480712890625 3319.2470703125 1619.40673828125],0.630172848701477,MI899FM,0.9890817647185789
52,1.0,[68.64073944091797 988.989990234375 1317.71826171875 1697.2694091796875],[307.1107177734375 1387.32568359375 588.6231079101562 1485.3160400390625],0.7461344599723816,MI399CT,0.9359580277377891
52,2.0,[2359.8544921875 1027.052490234375 3562.007080078125 1723.5126953125],[3015.6640625 1521.473388671875 3319.31298828125 1622.910888671875],0.6099024415016174,MIF899FM,0.471031957959365
53,3.0,[1306.0067138671875 1012.704345703125 2227.09326171875 1743.905517578125],[1591.6878662109375 1532.202880859375 1899.7305908203125 1635.686767578125],0.7561754584312439,MI589FN,0.9944302360134737
53,1.0,[69.31808471679688 989.3641357421875 1318.3245849609375 1696.7210693359375],[307.8413391113281 1387.55419921875 587.279296875 1486.2158203125],0.7460067272186279,MI399CI,0.8362190088226854
54,3.0,[1305.9920654296875 1013.0619506835938 2227.551513671875 1745.005859375],[1593.221435546875 1533.210205078125 1898.008056640625 1635.75732421875],0.7606857419013977,MI589FN,0.9962673097759395
54,1.0,[69.23766326904297 991.9100341796875 1323.3765869140625 1699.689208984375],[308.17138671875 1388.0247802734375 586.52685546875 1488.1435546875],0.7392116189002991,MI399CT,0.9838945196949525
54,2.0,[2358.352294921875 1029.162841796875 3563.720947265625 1728.37158203125],[3020.593505859375 1522.51513671875 3316.576171875 1622.910888671875],0.6097373366355896,MIF899FM,0.5126855044785645
55,3.0,[1306.6392822265625 1013.6725463867188 2227.7548828125 1745.9364013671875],[1594.143310546875 1533.6873779296875 1897.389404296875 1636.2330322265625],0.7628739476203918,MI589FN,0.9978713670636692
55,1.0,[69.6939926147461 991.7263793945312 1325.4295654296875 1701.584228515625],[308.76666259765625 1388.7542724609375 587.2232055664062 1487.50634765625],0.7396841645240784,MI399CT,0.637828961137771
55,2.0,[2358.12255859375 1030.049560546875 3564.078369140625 1729.98779296875],[3021.66455078125 1524.5980224609375 3316.146484375 1623.8953857421875],0.652963399887085,MI899FM,0.9894659483668138
56,3.0,[1307.5509033203125 1014.8927612304688 2227.89013671875 1747.9766845703125],[1595.1494140625 1533.5269775390625 1898.579833984375 1637.2188720703125],0.7679875493049622,MI589FN,0.9218533540832713
56,1.0,[69.91061401367188 991.172119140625 1326.1322021484375 1704.919921875],[306.7144775390625 1388.321533203125 587.6986083984375 1487.96630859375],0.7350967526435852,MI399CT,0.9287275660145253
56,2.0,[2358.87548828125 1030.1358642578125 3563.2470703125 1731.2545166015625],[3022.705810546875 1527.009521484375 3315.750732421875 1624.34765625],0.6680974364280701,MIF899FM,0.8795198816854435
57,3.0,[1308.799560546875 1016.3566284179688 2228.105224609375 1748.517333984375],[1597.9639892578125 1533.72802734375 1898.6751708984375 1637.6484375],0.7706955671310425,MI589FN,0.992423504779956
57,1.0,[70.40471649169922 990.3963012695312 1326.5255126953125 1704.890869140625],[306.50543212890625 1389.33642578125 587.947509765625 1487.74462890625],0.7320014238357544,MI399CT,0.8423733051315454
58,3.0,[1309.2501220703125 1016.7816162109375 2228.31494140625 1748.3082275390625],[1598.548095703125 1533.134765625 1900.083984375 1638.3310546875],0.7734466791152954,MI589FN,0.8456579580328621
58,1.0,[70.56584930419922 990.7979125976562 1326.6064453125 1705.0667724609375],[305.2912292480469 1390.004638671875 588.2255859375 1488.2193603515625],0.7270330190658569,MI399CT,0.9331365311151169
58,2.0,[2360.271728515625 1030.2587890625 3562.104248046875 1735.1597900390625],[3020.729736328125 1527.11474609375 3313.617919921875 1628.016845703125],0.6912470459938049,MII899FM,0.5445238549221328
59,1.0,[70.59918975830078 991.0825805664062 1327.050048828125 1705.1390380859375],[306.34808349609375 1390.00634765625 588.5035400390625 1488.4786376953125],0.7238643169403076,MI399CT,0.3941334985185589
60,3.0,[1309.2191162109375 1016.8375854492188 2228.881591796875 1747.0228271484375],[1600.198974609375 1533.617919921875 1901.81982421875 1639.146728515625],0.764066755771637,MI589FN,0.9842632787110718
60,1.0,[70.75000762939453 992.1644897460938 1327.6068115234375 1704.3250732421875],[304.65875244140625 1389.9949951171875 588.1370849609375 1488.8544921875],0.7260947823524475,M1399CI,0.7166152633555479
61,3.0,[1308.509521484375 1016.7789916992188 2228.532470703125 1746.0540771484375],[1600.882568359375 1532.6748046875 1902.788330078125 1639.427490234375],0.7616347670555115,MII589FN,0.4303460101093901
61,1.0,[71.10906219482422 992.655517578125 1327.3287353515625 1703.84033203125],[304.5282897949219 1389.9063720703125 588.3359375 1488.6954345703125],0.7246049046516418,MI399CT,0.9082844185515865
62,2.0,[2361.15771484375 1031.2681884765625 3561.056884765625 1733.6258544921875],[3026.703857421875 1529.9154052734375 3313.0341796875 1628.6759033203125],0.7271847128868103,MII899FM,0.36401883475508795
62,1.0,[71.7300033569336 992.9920043945312 1327.861328125 1705.3114013671875],[304.5638122558594 1389.5146484375 589.0806884765625 1489.310546875],0.7252997756004333,MI399CI,0.5043889996812838
63,1.0,[72.08052062988281 992.0875244140625 1327.7398681640625 1704.8197021484375],[304.8087158203125 1389.965087890625 588.484375 1489.1356201171875],0.7263472676277161,MI399CT,0.8580676499789877
64,3.0,[1308.5626220703125 1018.5888061523438 2228.706298828125 1746.51953125],[1603.98828125 1532.89013671875 1902.653076171875 1639.295654296875],0.759458065032959,MI589FN,0.9955170625262074
64,1.0,[72.8277816772461 991.8550415039062 1327.775146484375 1704.4466552734375],[301.8167419433594 1389.19775390625 588.6240234375 1490.265625],0.7268522381782532,MI399CT,0.98628826615133
65,1.0,[73.1661605834961 991.589111328125 1327.7142333984375 1705.3602294921875],[305.62957763671875 1389.961669921875 589.648193359375 1490.754150390625],0.7247323393821716,MI399CT,0.9684199910426078
66,1.0,[73.8098373413086 992.054443359375 1326.47216796875 1706.1497802734375],[306.53619384765625 1390.744140625 589.6286010742188 1491.555908203125],0.7248179316520691,MI399CI,0.5265047165672283
67,1.0,[74.30165100097656 992.7247314453125 1326.2125244140625 1707.4803466796875],[307.1373596191406 1390.6689453125 589.822998046875 1491.940185546875],0.7272430062294006,MI399CT,0.9665621768543609
68,3.0,[1311.6015625 1017.3740844726562 2227.400146484375 1744.5391845703125],[1606.6842041015625 1536.5467529296875 1901.9674072265625 1638.9971923828125],0.7490599751472473,MI589FN,0.9735724069014878
68,1.0,[74.53876495361328 993.9764404296875 1325.2347412109375 1708.870849609375],[310.0062561035156 1390.834716796875 589.9320068359375 1491.346435546875],0.7275782823562622,MI399CI,0.7491330385604741
70,1.0,[74.7081069946289 994.6658325195312 1325.3453369140625 1709.9886474609375],[312.5125427246094 1391.460693359375 590.3626098632812 1490.256591796875],0.7302297949790955,MI399CT,0.700660469289755
71,1.0,[74.46231079101562 995.8473510742188 1325.5675048828125 1710.572265625],[312.9703369140625 1392.336669921875 590.128173828125 1489.970458984375],0.7307938933372498,MI399CT,0.7872312904515376
71,2.0,[2366.02978515625 1029.8994140625 3564.14111328125 1732.5841064453125],[3024.56884765625 1531.0850830078125 3319.184326171875 1626.8565673828125],0.7035951614379883,MI899FM,0.9882466309373934
72,3.0,[1310.0853271484375 1016.9174194335938 2227.97802734375 1750.8675537109375],[1608.762451171875 1536.5797119140625 1903.7255859375 1639.0374755859375],0.7545077204704285,MI589FN,0.9714409506830417
72,1.0,[74.80931854248047 997.0360107421875 1325.5003662109375 1708.9727783203125],[313.7084655761719 1391.597412109375 591.0146484375 1489.99951171875],0.7311416268348694,MI399CT,0.9768328718010377
73,1.0,[75.61872100830078 997.217041015625 1326.3406982421875 1708.5528564453125],[313.22509765625 1391.8297119140625 591.5029296875 1490.139404296875],0.7288938164710999,MIF399CT,0.6766582741821972
73,2.0,[2366.969970703125 1030.3984375 3564.732177734375 1732.4078369140625],[3022.997314453125 1530.8917236328125 3319.3916015625 1627.181396484375],0.689988374710083,MI899FM,0.9628688083719423
74,1.0,[76.37887573242188 997.3362426757812 1326.6402587890625 1707.8646240234375],[312.29443359375 1392.922607421875 592.0157470703125 1489.970458984375],0.7277922034263611,MI399CI,0.7884006247947063
74,2.0,[2366.9833984375 1031.2451171875 3564.95947265625 1731.7891845703125],[3023.372314453125 1530.4658203125 3319.69189453125 1627.408447265625],0.6959235668182373,MI899FM,0.995124247992279
75,1.0,[76.60757446289062 997.5255126953125 1326.7425537109375 1707.625],[313.2245178222656 1392.795166015625 591.634765625 1490.420166015625],0.7277724146842957,MI399CT,0.6844431172710824
75,2.0,[2366.728515625 1031.6083984375 3564.876953125 1732.507080078125],[3023.495361328125 1530.558837890625 3320.187744140625 1627.486083984375],0.6893848776817322,MI899FM,0.6844303861118459
76,1.0,[76.89579010009766 997.8414916992188 1327.3179931640625 1706.750732421875],[313.5268859863281 1392.658447265625 592.2522583007812 1491.00830078125],0.7303953766822815,MI399CT,0.7083360912971833
76,2.0,[2366.761962890625 1031.8436279296875 3565.002197265625 1732.28173828125],[3024.166748046875 1530.665771484375 3318.439453125 1626.731689453125],0.6843157410621643,MI899FM,0.9974123382834481
77,1.0,[76.77579498291016 997.291015625 1327.2196044921875 1707.2078857421875],[311.4354248046875 1392.8583984375 592.6378173828125 1490.6728515625],0.7280231714248657,MI399CT,0.9807765808189737
77,2.0,[2366.843505859375 1031.8929443359375 3565.43603515625 1733.427001953125],[3026.7265625 1530.849609375 3316.50537109375 1626.06005859375],0.6959579586982727,MI899FM,0.7030059988655578
78,1.0,[76.84490203857422 997.1573486328125 1327.898193359375 1709.20654296875],[311.2277526855469 1392.96533203125 593.4376831054688 1491.28125],0.7295973300933838,MI399CT,0.957129827603579
78,2.0,[2366.92578125 1031.800048828125 3566.03662109375 1735.0347900390625],[3027.3037109375 1530.7313232421875 3314.29052734375 1625.9285888671875],0.7091182470321655,MI899FM,0.996524253117793
79,3.0,[1310.375 1016.3732299804688 2229.4658203125 1743.3826904296875],[1605.968994140625 1536.1695556640625 1902.802734375 1639.1964111328125],0.769196093082428,MI589FN,0.6195839655102294
79,1.0,[76.6108169555664 996.9754638671875 1328.335205078125 1709.4898681640625],[310.2037353515625 1392.2744140625 593.9697265625 1491.822021484375],0.7319802641868591,MI2399CT,0.5997446869985691
80,2.0,[2366.234619140625 1031.025146484375 3566.39453125 1733.886474609375],[3027.777099609375 1530.16259765625 3314.149658203125 1626.00439453125],0.7365666627883911,MI899FM,0.9973573223991503
80,1.0,[76.71481323242188 996.8869018554688 1329.1068115234375 1710.6446533203125],[308.98681640625 1393.185791015625 592.4373779296875 1491.762451171875],0.7284407019615173,MI399CT,0.5891064964571426
81,3.0,[1312.099853515625 1016.1846923828125 2231.462646484375 1742.794677734375],[1604.640625 1537.348388671875 1901.626953125 1639.69482421875],0.7647842764854431,MI589FN,0.9778013080290131
81,2.0,[2365.945556640625 1030.3856201171875 3566.234130859375 1733.6251220703125],[3026.775390625 1529.6956787109375 3318.024169921875 1626.9298095703125],0.7376747131347656,MI899FM,0.9988702179980832
81,1.0,[76.75474548339844 996.9701538085938 1330.1912841796875 1709.798583984375],[308.6877746582031 1393.3121337890625 591.592529296875 1491.4295654296875],0.7256355285644531,MI2399CI,0.240289770037206
82,1.0,[76.62340545654297 996.4230346679688 1331.1241455078125 1711.560791015625],[308.0262145996094 1393.3582763671875 590.5235595703125 1491.216796875],0.7256795763969421,MI399CT,0.9157059226370657
83,2.0,[2366.043212890625 1030.132080078125 3566.564208984375 1731.7354736328125],[3029.1953125 1529.58984375 3318.95849609375 1625.209716796875],0.7327888607978821,MI899FM,0.9958471143923138
83,1.0,[76.92036437988281 996.5557861328125 1331.91357421875 1709.7884521484375],[308.3872375488281 1393.429443359375 590.5205078125 1491.003173828125],0.7263871431350708,MI399CT,0.801680309524804
84,2.0,[2366.50244140625 1030.54638671875 3566.894775390625 1731.228759765625],[3027.01171875 1528.5743408203125 3324.114990234375 1626.5753173828125],0.7299646139144897,MI899FM,0.7855602604954036
84,1.0,[76.88033294677734 996.9918823242188 1332.4959716796875 1709.9927978515625],[309.6541442871094 1393.0751953125 590.8020629882812 1490.7301025390625],0.7278668284416199,MI399CT,0.9097539110766287
85,2.0,[2366.28662109375 1030.67724609375 3567.96923828125 1732.097900390625],[3028.1201171875 1529.3583984375 3324.73193359375 1625.525390625],0.731979489326477,MI899FM,0.6862800337292108
85,1.0,[77.62283325195312 995.9064331054688 1332.85400390625 1710.2020263671875],[311.7977294921875 1393.010986328125 591.2271118164062 1490.479736328125],0.7289435267448425,MI2399CT,0.46688005588815035
86,1.0,[78.00517272949219 995.7003784179688 1333.2164306640625 1708.6204833984375],[313.2561950683594 1392.2991943359375 592.533203125 1490.249267578125],0.7318775653839111,MI399CT,0.9729918866028184
87,3.0,[1314.236328125 1014.0603637695312 2234.82470703125 1746.5203857421875],[1606.108154296875 1533.336181640625 1902.781494140625 1638.22705078125],0.7615720629692078,MI589FN,0.9992835127786335
87,1.0,[78.61564636230469 995.3675537109375 1332.3458251953125 1707.306884765625],[313.0395812988281 1392.1915283203125 593.2244873046875 1490.4085693359375],0.7315943241119385,MI399CT,0.9703636460960758
87,2.0,[2366.1748046875 1031.0732421875 3568.14794921875 1732.1920166015625],[3026.1328125 1527.9521484375 3332.16650390625 1627.2861328125],0.7132026553153992,MI899FM,0.9900508350626515
88,3.0,[1315.2071533203125 1013.8864135742188 2235.321044921875 1747.3248291015625],[1606.7325439453125 1532.7529296875 1902.6683349609375 1638.291259765625],0.7642291784286499,MI589FN,0.9964784234993902
88,1.0,[78.72151947021484 995.1834106445312 1332.2962646484375 1706.7054443359375],[315.99664306640625 1392.018310546875 593.902099609375 1490.0928955078125],0.729692280292511,MI399CT,0.7499007633548245
88,2.0,[2366.629150390625 1031.3023681640625 3567.7890625 1731.8013916015625],[3028.59033203125 1528.433349609375 3331.9443359375 1626.393310546875],0.7102667093276978,MI899FM,0.9835803010787719
89,3.0,[1316.62548828125 1013.3468627929688 2235.648193359375 1746.8170166015625],[1606.4893798828125 1531.7568359375 1902.8148193359375 1638.1689453125],0.7652651071548462,MI589FN,0.9974780403959329
89,1.0,[79.28489685058594 994.4759521484375 1332.424072265625 1705.84375],[319.1100158691406 1391.9102783203125 597.0485229492188 1489.5194091796875],0.7309565544128418,M1399CT,0.5156770577249788
89,2.0,[2366.78759765625 1030.95361328125 3567.49951171875 1731.4886474609375],[3029.4677734375 1528.685302734375 3333.45361328125 1627.768798828125],0.6972996592521667,MII899FME,0.40130613624313743
90,3.0,[1317.529296875 1013.0077514648438 2235.9990234375 1746.87255859375],[1608.0245361328125 1531.98095703125 1904.454345703125 1637.85888671875],0.7644778490066528,MI589FN,0.994848954669636
90,1.0,[80.28191375732422 994.6109008789062 1333.1788330078125 1706.32275390625],[321.0869140625 1391.7388916015625 599.887451171875 1489.35009765625],0.730242908000946,MI2399CT,0.5761478202185156
91,3.0,[1317.476806640625 1012.9329833984375 2236.523193359375 1745.425048828125],[1607.331298828125 1531.329345703125 1905.76904296875 1638.142822265625],0.763190507888794,MI589FN,0.9981616743331579
91,1.0,[80.95288848876953 994.7077026367188 1333.365478515625 1706.503173828125],[319.9576416015625 1391.64453125 601.0849609375 1489.1356201171875],0.7261829376220703,M133S9CT,0.4019701863242447
91,2.0,[2368.279296875 1030.90625 3566.75634765625 1729.9302978515625],[3029.1865234375 1525.6680908203125 3333.500244140625 1627.8548583984375],0.6457210183143616,MII899FM,0.4063796557549562
92,1.0,[81.52816772460938 995.145751953125 1333.308837890625 1707.1494140625],[319.74249267578125 1391.369140625 601.584716796875 1489.663330078125],0.7249954342842102,MI399CT,0.8497516611452398
92,2.0,[2368.858642578125 1030.25341796875 3566.269775390625 1730.8680419921875],[3029.388671875 1524.9140625 3335.6767578125 1627.3143310546875],0.6205744743347168,MII899F,0.4510163620769301
93,3.0,[1315.6885986328125 1013.768798828125 2237.281982421875 1746.0311279296875],[1609.414794921875 1531.0535888671875 1907.36767578125 1638.4910888671875],0.7620991468429565,MI589FN,0.9939877144082963
93,1.0,[81.87796020507812 994.4369506835938 1333.823974609375 1704.9927978515625],[320.137939453125 1391.420654296875 601.1251831054688 1489.0631103515625],0.7244265079498291,MI399CT,0.6557140340546457
93,2.0,[2369.162353515625 1029.731201171875 3565.84716796875 1730.190185546875],[3029.108642578125 1522.9735107421875 3337.74462890625 1627.2550048828125],0.6086896061897278,MI899FM,0.9826049615109901
94,1.0,[82.36051177978516 993.552490234375 1335.4635009765625 1704.4873046875],[317.43060302734375 1390.7216796875 601.8883056640625 1489.7449951171875],0.7261556386947632,MI399CT,0.9648896363931744
95,1.0,[82.37444305419922 992.1158447265625 1337.097412109375 1703.3172607421875],[315.17193603515625 1390.619140625 602.879638671875 1489.38330078125],0.7300223112106323,MI399CT,0.9482331920663098
96,1.0,[82.23380279541016 991.7461547851562 1337.430908203125 1703.2991943359375],[314.610107421875 1390.633544921875 602.2513427734375 1488.813232421875],0.7318468689918518,MI399CT,0.9502315027110126
96,2.0,[2368.435302734375 1028.2606201171875 3567.54833984375 1727.5914306640625],[3026.6259765625 1521.74853515625 3340.762939453125 1625.133544921875],0.6586160659790039,MII899FM,0.3837076439449837
97,3.0,[1314.1363525390625 1013.3779907226562 2236.3251953125 1744.1688232421875],[1604.513671875 1532.608154296875 1906.472900390625 1635.702392578125],0.763592541217804,MI589FN,0.9873882864307564
97,1.0,[82.56279754638672 991.3706665039062 1337.4249267578125 1703.9512939453125],[316.32342529296875 1391.3046875 602.6176147460938 1488.344970703125],0.7318889498710632,MI3S9CT,0.7489664175817486
97,2.0,[2367.850341796875 1027.574951171875 3569.0400390625 1727.4049072265625],[3026.29248046875 1522.3179931640625 3337.33154296875 1620.9832763671875],0.6593538522720337,MI899FM,0.7283180518474036
98,3.0,[1313.6221923828125 1012.48828125 2235.1337890625 1744.462646484375],[1604.5784912109375 1532.296142578125 1909.0184326171875 1635.0538330078125],0.7595862746238708,MI589FN,0.9835637671273948
98,1.0,[83.24146270751953 989.912109375 1338.0113525390625 1704.3204345703125],[316.2317199707031 1390.601806640625 602.2816772460938 1488.1307373046875],0.7363515496253967,MI399CT,0.9349340919210949
99,3.0,[1313.5396728515625 1011.6499633789062 2235.036376953125 1744.2088623046875],[1605.573486328125 1532.26171875 1909.395263671875 1634.8773193359375],0.759647011756897,MI589FN,0.9591397838673148
99,1.0,[83.14675903320312 988.9451904296875 1338.1800537109375 1703.0130615234375],[315.6923828125 1390.59033203125 601.8070068359375 1487.748779296875],0.7360836863517761,MI3S9CT,0.564288300599153
99,2.0,[2367.128173828125 1026.1414794921875 3567.437255859375 1728.0858154296875],[3029.14111328125 1526.58251953125 3332.86767578125 1617.2127685546875],0.6734943389892578,MI899FM,0.9703495875923254
100,1.0,[81.235595703125 989.1402587890625 1338.69970703125 1700.2952880859375],[316.6273193359375 1389.738037109375 601.188232421875 1487.589599609375],0.7392744421958923,MI399CT,0.9853695598866296
101,3.0,[1313.5374755859375 1010.0693969726562 2234.679931640625 1740.8436279296875],[1612.4022216796875 1530.5657958984375 1909.978271484375 1635.8675537109375],0.7547637224197388,MI589FM,0.6176125052383696
101,1.0,[80.5550308227539 988.8623657226562 1338.592041015625 1699.595703125],[317.36981201171875 1389.1527099609375 601.5065307617188 1487.151123046875],0.7426289916038513,MI399CT,0.9697858283369196
102,3.0,[1315.209716796875 1010.1499633789062 2234.654541015625 1740.4600830078125],[1611.936767578125 1530.552734375 1911.234375 1634.695068359375],0.7553858160972595,MI589FN,0.6747052546728188
102,1.0,[80.66511535644531 988.6463623046875 1338.6341552734375 1699.8424072265625],[316.7388916015625 1386.6005859375 602.4342651367188 1488.687744140625],0.7480117678642273,MI399CT,0.9470779223933224
103,1.0,[80.9813461303711 988.4027709960938 1338.6943359375 1699.2908935546875],[316.6208190917969 1385.53759765625 602.2413940429688 1488.685302734375],0.7502694129943848,MI399CI,0.5414699609127049
104,3.0,[1316.1875 1013.2744750976562 2235.9501953125 1738.39208984375],[1609.53466796875 1530.184326171875 1911.74609375 1633.859130859375],0.760345458984375,MI589FN,0.9001235634627984
104,1.0,[81.16180419921875 987.753662109375 1338.083740234375 1698.938720703125],[319.5069580078125 1384.198486328125 601.5579833984375 1487.8408203125],0.7547951936721802,MI3S9CT,0.6383706493414267
104,2.0,[2367.788330078125 1026.1177978515625 3567.700439453125 1726.209716796875],[3030.725341796875 1521.2105712890625 3334.97607421875 1619.7205810546875],0.6569076180458069,MI899FM,0.8141328230045816
105,3.0,[1316.3323974609375 1012.5900268554688 2236.704833984375 1737.080810546875],[1610.857177734375 1531.17333984375 1910.3525390625 1633.8753662109375],0.7573161721229553,MI589FM,0.5681118292436972
105,1.0,[81.62464904785156 987.3195190429688 1338.1536865234375 1699.1871337890625],[318.17999267578125 1384.38671875 603.83447265625 1486.759521484375],0.7516663074493408,MI399CT,0.9429472005950369
106,3.0,[1317.5596923828125 1012.4845581054688 2236.84765625 1736.585205078125],[1610.6953125 1531.0169677734375 1910.9736328125 1632.9122314453125],0.7585769295692444,MI589FN,0.7093569720153028
106,1.0,[81.73812866210938 986.146728515625 1339.2623291015625 1701.2015380859375],[318.1339416503906 1384.126953125 603.1448974609375 1485.86328125],0.7510178089141846,MI399CT,0.9896709742998382
107,3.0,[1318.0850830078125 1012.0053100585938 2237.581787109375 1739.957763671875],[1609.9969482421875 1530.36767578125 1908.3563232421875 1630.01953125],0.7612385749816895,MI589FN,0.9962563095418354
107,1.0,[82.4001693725586 986.02734375 1340.105712890625 1701.3853759765625],[313.61993408203125 1383.91748046875 602.8231201171875 1484.52197265625],0.7508788108825684,MI399CT,0.9251077115022817
108,3.0,[1318.459716796875 1009.3046875 2236.231689453125 1740.185546875],[1608.2867431640625 1531.62890625 1907.05810546875 1628.75244140625],0.7648123502731323,MI589FN,0.6259910102995141
108,1.0,[83.32157897949219 985.5601806640625 1340.8795166015625 1701.87939453125],[311.8204040527344 1384.0806884765625 602.508544921875 1483.220947265625],0.7464479207992554,MI399CT,0.9673895576210289
108,2.0,[2366.658935546875 1026.0255126953125 3568.27978515625 1721.7205810546875],[3036.86181640625 1519.746826171875 3335.06884765625 1612.716796875],0.6811814308166504,MI899FM,0.9636035520649402
109,3.0,[1318.37939453125 1008.2100219726562 2235.7490234375 1740.6820068359375],[1600.987060546875 1531.184326171875 1913.549560546875 1631.95166015625],0.7694789171218872,MI589FN,0.9648001162311165
109,1.0,[84.02426147460938 985.48095703125 1340.154541015625 1699.69921875],[312.62542724609375 1384.8475341796875 602.293701171875 1480.578369140625],0.7501500844955444,M1399CT,0.3708395338223298
110,1.0,[84.26656341552734 985.7500610351562 1339.1788330078125 1699.733642578125],[313.1243896484375 1384.513916015625 602.3050537109375 1481.1566162109375],0.7515590786933899,MI399CT,0.9480297611500809
111,1.0,[84.6332015991211 986.7780151367188 1338.874267578125 1698.3199462890625],[314.5597839355469 1385.1295166015625 601.1343383789062 1480.063232421875],0.7515019774436951,MI5399CI,0.3930606993508413
111,2.0,[2366.03564453125 1021.197265625 3567.34423828125 1718.5006103515625],[3037.436767578125 1519.48388671875 3340.248046875 1614.03955078125],0.6823734641075134,MI899FM,0.9866344182957606
112,1.0,[84.9054183959961 986.6263427734375 1339.712158203125 1697.60791015625],[314.76031494140625 1383.0076904296875 602.2311401367188 1480.712646484375],0.752888560295105,MI399CT,0.9536279143312298
113,3.0,[1319.48388671875 1005.1666870117188 2239.571533203125 1734.9124755859375],[1612.923095703125 1528.5794677734375 1905.53955078125 1627.59228515625],0.7598498463630676,MI589FN,0.8731659659808122
113,1.0,[85.18746948242188 984.5088500976562 1341.26123046875 1697.728271484375],[317.96868896484375 1382.083984375 603.228515625 1478.266357421875],0.7498421669006348,MI399CT,0.7949458997013288
114,1.0,[85.41761016845703 982.8666381835938 1342.017578125 1696.8211669921875],[317.461181640625 1381.4798583984375 604.8631591796875 1477.862548828125],0.7517134547233582,MI399CT,0.9694979472519135
115,3.0,[1318.8040771484375 1001.0298461914062 2242.26416015625 1733.3638916015625],[1612.0283203125 1525.749755859375 1900.2894287109375 1625.52685546875],0.7495365142822266,MI589FN,0.9958535210646972
115,1.0,[85.82794189453125 982.330322265625 1342.0662841796875 1695.3983154296875],[319.21734619140625 1379.5623779296875 605.7005615234375 1478.5572509765625],0.7461540102958679,MIF399CI,0.2834466170139011
115,2.0,[2370.774169921875 1022.2540893554688 3569.63818359375 1710.000732421875],[3036.90771484375 1518.6939697265625 3342.3525390625 1611.4112548828125],0.5570412874221802,MIF899FM,0.612991001543893
116,1.0,[86.27179718017578 982.0872802734375 1340.3262939453125 1695.3287353515625],[319.3133239746094 1379.4306640625 606.583251953125 1477.30859375],0.7410916090011597,MI399CT,0.9125853964511327
116,2.0,[2370.5068359375 1021.57861328125 3569.98876953125 1709.6236572265625],[3037.1435546875 1515.8653564453125 3342.84765625 1608.2655029296875],0.6084749102592468,MI899FM,0.9785431199424663
117,1.0,[86.30841827392578 981.026123046875 1339.1099853515625 1695.02099609375],[314.24273681640625 1378.97314453125 608.0840454101562 1477.7197265625],0.7407256960868835,MI399CT,0.8557390369426485
117,2.0,[2370.365966796875 1020.969970703125 3570.6015625 1710.17138671875],[3040.564453125 1516.4344482421875 3338.48583984375 1605.4874267578125],0.6355314254760742,MIF899FM,0.47876021293911597
118,1.0,[86.86744689941406 979.3613891601562 1339.6072998046875 1694.3798828125],[314.6211242675781 1378.310791015625 609.324462890625 1476.7576904296875],0.7378767132759094,M1399CI,0.601564587331185
118,3.0,[1321.13818359375 999.7421875 2243.29833984375 1733.369140625],[1610.5228271484375 1520.3463134765625 1905.2420654296875 1618.292724609375],0.7319557070732117,MI589FN,0.9951481657592097
118,2.0,[2370.726318359375 1018.7365112304688 3570.785888671875 1711.559814453125],[3041.867919921875 1517.323974609375 3339.9580078125 1606.802490234375],0.6618300080299377,MI899FM,0.9981976959615696
119,3.0,[1322.597412109375 999.9158935546875 2242.97265625 1735.186279296875],[1609.204833984375 1518.1787109375 1906.81640625 1620.83935546875],0.7423755526542664,MI589FN,0.8806367332346858
119,1.0,[86.80728912353516 978.1522216796875 1340.47216796875 1692.76171875],[318.7781982421875 1376.4935302734375 609.7120361328125 1474.986328125],0.7336170077323914,MI399CT,0.9707311912161135
120,1.0,[86.90208435058594 978.0912475585938 1341.0377197265625 1692.504150390625],[318.8431701660156 1375.2822265625 610.7940673828125 1474.22119140625],0.7298871278762817,MI399CT,0.6857994136808608
121,1.0,[86.98477935791016 977.2922973632812 1342.801025390625 1690.351806640625],[320.84246826171875 1373.90576171875 611.0595092773438 1472.27294921875],0.7243826985359192,M1399CI,0.5676631122154715
122,1.0,[87.44059753417969 977.247314453125 1343.350830078125 1689.260498046875],[319.74017333984375 1373.46044921875 611.8050537109375 1472.625244140625],0.7264697551727295,MI399CT,0.8922754330415186
123,3.0,[1325.092529296875 995.3524780273438 2243.879150390625 1735.9989013671875],[1610.558349609375 1518.6287841796875 1912.1612548828125 1619.4239501953125],0.7403939962387085,MI589FN,0.9973713470331997
123,1.0,[87.18730926513672 978.0467529296875 1342.15869140625 1690.928466796875],[320.3470458984375 1373.716796875 611.8302612304688 1471.1181640625],0.7239821553230286,MI399CT,0.9528748162294821
124,1.0,[87.69151306152344 976.0615234375 1342.977783203125 1688.467529296875],[315.67974853515625 1373.21728515625 611.076904296875 1471.40966796875],0.7290272116661072,M1399C1,0.4753258864898443
124,2.0,[2372.001220703125 1012.7779541015625 3569.7236328125 1705.74462890625],[3041.48681640625 1514.537109375 3340.80517578125 1602.979248046875],0.6171648502349854,MI899FM,0.9622396790526215
